,City,Cloudiness,Country,Date,Humidity,Lat,Lng,Max Temp,Wind Speed
0,Acapulco de Juárez,5,MX,1587415287,66,-99.89,16.86,84.2,9.17
1,São João da Barra,1,BR,1587415578,65,-41.05,-21.63,77,11.41
2,Pisco,0,PE,1587415811,64,-76.22,-13.7,75.2,21.92
3,Beringovskiy,85,RU,1587415811,94,179.32,63.05,12.72,13.98
4,Clyde River,40,CA,1587415811,77,-68.59,70.47,3.2,8.05
5,Flagstaff,1,US,1587415604,30,-111.65,35.2,66,16.11
6,New Norfolk,23,AU,1587415812,83,147.06,-42.78,48,4.32
7,Loikaw,0,MM,1587415878,34,97.21,19.67,67.8,1.74
8,Ancud,52,CL,1587415878,66,-73.82,-41.87,55.4,5.82
9,Pailón,48,BO,1587415579,63,-64.87,-13.07,86.54,2.21
10,Hasaki,75,JP,1587415813,93,140.83,35.73,52,2.24
11,Turukhansk,100,RU,1587415814,97,87.98,65.82,33.93,6.64
12,Barrow,90,US,1587415762,91,-156.79,71.29,1.4,9.17
13,Cape Town,75,ZA,1587415739,93,18.42,-33.93,61,2.24
14,Saldanha,100,ZA,1587415880,77,17.94,-33.01,62.6,3.36
15,taolanaro,,,,,,,,
16,Butaritari,100,KI,1587415881,79,172.79,3.07,82.44,13.15
17,Saint Paul Harbor,90,US,1587415881,93,-152.41,57.79,44.6,5.82
18,Bengkulu,59,ID,1587415881,80,102.27,-3.8,78.21,4.88
19,marcona,,,,,,,,
20,Kapaa,1,US,1587415882,69,-159.32,22.08,78.8,11.41
21,illoqqortoormiut,,,,,,,,
22,Port Elizabeth,66,ZA,1587415681,77,25.57,-33.92,66.2,16.11
23,Dikson,100,RU,1587415883,97,80.55,73.51,31.08,22.64
24,Codrington,87,AU,1587415884,81,141.97,-38.27,52.88,14.03
25,Atuona,3,PF,1587415884,71,-139.03,-9.8,82.76,12.86
26,Kupang,3,ID,1587415884,78,123.58,-10.17,80.94,12.59
27,eldikan,,,,,,,,
28,Bluff,78,NZ,1587415885,96,168.33,-46.6,42.01,1.01
29,Port Hardy,75,CA,1587415803,87,-127.42,50.7,50,5.82
30,Albany,75,US,1587415809,23,-73.97,42.6,53.01,6.93
31,Arraial do Cabo,1,BR,1587415885,69,-42.03,-22.97,77,9.17
32,Busselton,18,AU,1587415886,66,115.33,-33.65,60.01,10.49
33,Jinka,48,ET,1587415887,65,36.65,5.65,62.78,3.53
34,Coquimbo,75,CL,1587415887,87,-71.34,-29.95,60.8,8.05
35,Iskateley,99,RU,1587415887,97,53.15,67.68,27.82,15.73
36,Glomfjord,90,NO,1587415887,100,13.97,66.82,41,12.75
37,Sola,86,VU,1587415888,74,167.55,-13.88,81.77,2.15
38,Bandar-e Lengeh,100,IR,1587415888,66,54.88,26.56,79.84,12.53
39,Cap Malheureux,23,MU,1587415888,89,57.61,-19.98,73,4
40,Xam Nua,6,LA,1587415888,54,104.04,20.42,68.72,2.35
41,Kaitangata,76,NZ,1587415888,84,169.85,-46.28,44.01,1.99
42,Hermanus,100,ZA,1587415889,99,19.23,-34.42,57,8.52
43,Fort Saint James,64,CA,1587415889,49,-124.25,54.43,57.76,4.63
44,Tura,100,IN,1587415889,78,90.22,25.52,69.78,3.53
45,Ilulissat,42,GL,1587415889,68,-51.1,69.22,30.2,4.7
46,Blankenberge,0,BE,1587415890,44,3.13,51.31,57.99,14.99
47,Nhulunbuy,40,AU,1587415890,94,136.77,-12.23,77,7.4
48,Zhangye,100,CN,1587415736,26,100.45,38.93,46,1.66
49,Turaif,0,SA,1587415891,35,38.66,31.67,69.8,9.17
50,Jamestown,1,US,1587415891,39,-79.24,42.1,48.2,6.93
51,Payakumbuh,67,ID,1587415892,78,100.63,-0.22,70.16,0.34
52,Port Alfred,36,ZA,1587415892,89,26.89,-33.59,64.99,3
53,Vaini,75,TO,1587415892,83,-175.2,-21.2,78.8,8.05
54,Srednekolymsk,99,RU,1587415892,93,153.68,67.45,11.77,11.03
55,Kalach-na-Donu,18,RU,1587415893,93,43.53,48.69,37.4,8.95
56,Kavaratti,99,IN,1587415894,69,72.64,10.57,85.32,5.12
57,Barra de Tecoanapa,16,MX,1587415896,55,-98.75,16.52,87.37,11.95
58,Yellowknife,75,CA,1587415897,53,-114.35,62.46,21.2,11.41
59,Lüderitz,0,NA,1587415898,72,15.16,-26.65,64.4,10.29
60,Chokurdakh,100,RU,1587415898,98,147.92,70.63,19.6,6.44
61,Ola,0,RU,1587415898,84,151.28,59.58,11.73,6.4
62,Thompson,75,CA,1587415899,62,-97.86,55.74,21.2,13.87
63,Chui,0,UY,1587415899,68,-53.46,-33.7,70.56,0.89
64,Kruisfontein,98,ZA,1587415899,74,24.73,-34,62.53,15.01
65,Tasiilaq,100,GL,1587415899,87,-37.64,65.61,32,6.93
66,Katsuura,75,JP,1587415900,93,140.3,35.13,53.6,2.24
67,Puerto Ayora,75,EC,1587415901,66,-90.35,-0.74,86,19.46
68,Ṭikāpur,74,NP,1587415901,78,81.13,28.5,82,4
69,Pangai,75,TO,1587415901,83,-174.35,-19.8,80.6,18.34
70,belushya guba,,,,,,,,
71,Disna,78,BY,1587415902,83,28.2,55.57,36.84,5.91
72,Nikolskoye,94,RU,1587415902,80,30.79,59.7,42.01,4.47
73,Mingguang,80,CN,1587415902,89,117.96,32.78,51.06,4.43
74,São Filipe,2,CV,1587415902,76,-24.5,14.9,72.66,14.7
75,Punta Arenas,75,CL,1587415903,66,-70.92,-53.15,50,31.09
76,scottsburgh,,,,,,,,
77,Aklavik,90,CA,1587415903,72,-135.01,68.22,12.2,5.82
78,Kerema,56,PG,1587415903,87,145.78,-7.96,77.95,4.23
79,Kavieng,73,PG,1587415903,71,150.8,-2.57,84.24,0.54
80,Souillac,52,MU,1587415904,89,57.52,-20.52,73,4
81,Ushuaia,75,AR,1587415904,81,-68.3,-54.8,44.6,33.33
82,Brae,0,GB,1587415904,86,-1.35,60.4,41,10.29
83,Bagdarin,0,RU,1587415904,76,113.6,54.43,11.89,5.82
84,grand river south east,,,,,,,,
85,Bredasdorp,100,ZA,1587415905,63,20.04,-34.53,62.6,6.93
86,Tsimmerbude,0,RU,1587415905,86,20.13,54.67,41,4.47
87,Palmer,75,US,1587415908,26,-72.33,42.16,55.4,6.93
88,Los Llanos de Aridane,40,ES,1587415908,77,-17.92,28.66,68,13.87
89,Rikitea,29,PF,1587415908,74,-134.97,-23.12,76.05,4.76
90,Nyurba,95,RU,1587415909,96,118.33,63.28,22.5,3.36
91,Khovd,24,MN,1587415909,34,91.64,48.01,38.68,0.74
92,Ngunguru,100,NZ,1587415909,99,174.5,-35.62,60.01,3
93,Hobart,75,AU,1587415824,71,147.33,-42.88,50,8.05
94,Zabul Province,99,AF,1587415910,32,67.25,32.25,54.19,5.59
95,Mataura,89,NZ,1587415910,96,168.86,-46.19,42.01,1.01
96,Rockport,1,US,1587415911,66,-97.05,28.02,91.4,10.29
97,Avarua,4,CK,1587415912,74,-159.78,-21.21,82.4,16.11
98,Chistogorskiy,0,RU,1587415912,61,87.38,53.98,45.88,1.74
99,Khatanga,100,RU,1587415912,95,102.5,71.97,22.66,5.26
100,Kununurra,46,AU,1587415912,94,128.73,-15.77,73.4,3.36
101,amderma,,,,,,,,
102,Korla,88,CN,1587415913,35,86.15,41.76,60.01,7
103,Salalah,20,OM,1587415913,74,54.09,17.02,82.4,6.93
104,Yenagoa,6,NG,1587415913,89,6.26,4.92,78.15,4.56
105,Carora,100,VE,1587415913,42,-70.08,10.18,87.75,5.97
106,Hithadhoo,62,MV,1587415914,69,73.08,-0.6,84.67,8.08
107,Lebu,43,CL,1587415914,63,-73.65,-37.62,58.78,17.11
108,palabuhanratu,,,,,,,,
109,Fortuna,90,US,1587415915,87,-124.16,40.6,55,8.05
110,Włodawa,70,PL,1587415916,42,23.55,51.55,44.6,9.17
111,Sechura,42,PE,1587415916,63,-80.82,-5.56,78.1,14.88
112,Morondava,0,MG,1587415916,72,44.28,-20.28,78.3,4.21
113,San Francisco del Mar Viejo,36,MX,1587415916,59,-94.65,16.23,87.22,10.58
114,Eyl,29,SO,1587415916,78,49.82,7.98,83.79,13.44
115,barentsburg,,,,,,,,
116,Carnarvon,40,AU,1587415917,60,113.63,-24.87,68,13.87
117,Loknya,9,RU,1587415918,88,30.15,56.83,33.85,4.03
118,Hilo,5,US,1587415896,81,-155.09,19.73,77,8.99
119,Aksarka,82,RU,1587415919,98,67.8,66.56,31.87,10.09
120,nizhneyansk,,,,,,,,
121,Oistins,75,BB,1587415644,74,-59.53,13.07,78.8,12.75
122,Narsaq,25,GL,1587415919,40,-46.05,60.92,35.6,4.7
123,Urengoy,79,RU,1587415920,96,78.37,65.97,33.62,11.54
124,Salinas,90,US,1587415623,67,-121.66,36.68,60.8,9.17
125,Shirgaon,0,IN,1587415920,60,72.7,19.7,82.17,8.46
126,Saskylakh,70,RU,1587415921,98,114.08,71.92,24.67,11.45
127,Lodja,30,CD,1587415922,80,23.43,-3.48,70.45,1.05
128,Mar del Plata,100,AR,1587415922,56,-57.56,-38,69.8,8.05
129,Plettenberg Bay,91,ZA,1587415922,77,23.37,-34.05,63.03,8.46
130,George Town,20,MY,1587415922,100,100.34,5.41,80.6,4.85
131,Praia,20,CV,1587415923,69,-23.51,14.92,73.4,18.34
132,Puerto Escondido,20,MX,1587415773,70,-97.07,15.85,84.2,9.17
133,Honiara,40,SB,1587415923,100,159.95,-9.43,75.2,3.36
134,Castro,2,BR,1587415923,54,-50.01,-24.79,61.68,2.13
135,Tiznit Province,34,MA,1587415925,62,-9.5,29.58,55.54,8.34
136,‘Ewa Beach,75,US,1587415925,65,-158.01,21.32,82.4,6.93
137,Salisbury,48,GB,1587415893,46,-1.8,51.07,55.4,17.22
138,‘Āhuimanu,75,US,1587415925,58,-157.84,21.44,82.4,8.05
139,Pemba,20,MZ,1587415926,78,40.52,-12.97,80.6,11.41
140,Dubbo,40,AU,1587415926,93,148.62,-32.25,51.8,8.05
141,Nome,90,US,1587415926,100,-165.41,64.5,30.99,6.93
142,Yulara,75,AU,1587415926,49,130.99,-25.24,73.4,8.05
143,Bafatá,1,GW,1587415927,49,-14.75,12.17,80.65,7.61
144,piryion,,,,,,,,
145,tsihombe,,,,,,,,
146,Sinop Province,100,TR,1587415928,79,34.87,41.77,46.11,4.09
147,Faanui,91,PF,1587415929,77,-151.75,-16.48,81.9,19.55
148,Bandarbeyla,99,SO,1587415929,78,50.81,9.49,82.35,12.41
149,Elizabeth City,90,US,1587415929,87,-76.25,36.29,57,10.29
150,Palana,92,RU,1587415929,93,159.97,59.12,10.47,3.67
151,Ponta do Sol,20,PT,1587415930,55,-17.1,32.67,62.6,9.17
152,Bethel,1,US,1587415930,34,-73.41,41.37,55.99,6.93
153,Río Gallegos,40,AR,1587415922,66,-69.22,-51.62,53.6,38.03
154,Verkhnyaya Balkariya,90,RU,1587415930,66,43.46,43.13,50,12.64
155,Saint-Ambroise,20,CA,1587415930,33,-71.33,48.55,32,6.93
156,ye,,,,,,,,
157,Boa Vista,75,BR,1587415924,88,-60.67,2.82,78.8,10.29
158,Ribeira Grande,40,PT,1587415931,77,-28.7,38.52,60.8,18.34
159,Pemangkat,99,ID,1587415805,86,108.97,1.17,78.51,4.16
160,Vanderhoof,41,CA,1587415935,39,-124.02,54.02,58.3,8.99
161,Amudat,100,UG,1587415935,59,34.95,1.95,68.56,3.83
162,Bunia,93,CD,1587415935,62,30.25,1.57,63.01,1.34
163,Lavrentiya,100,RU,1587415935,91,-171,65.58,17.89,6.67
164,Iqaluit,40,CA,1587415936,65,-68.51,63.75,3.2,19.46
165,Billings Metropolitan Area,40,US,1587415911,23,-108.5,45.78,66,9.17
166,Kūhdasht,6,IR,1587415936,40,47.61,33.53,56.84,0.85
167,Hanzhong,100,CN,1587415936,63,107.03,33.07,53.15,1.1
168,Ternate,69,ID,1587415937,76,127.4,0.8,80.49,1.25
169,saleaula,,,,,,,,
170,Portland,40,US,1587415909,51,-122.68,45.52,69.01,4.7
171,Port Lincoln,27,AU,1587415937,76,135.87,-34.73,59.32,15.88
172,Ardakān,97,IR,1587415938,35,54.02,32.31,69.8,4.7
173,Kuching,40,MY,1587415938,94,110.33,1.55,78.8,0.96
174,Masuda,75,JP,1587415938,62,131.85,34.67,59,8.05
175,East London,90,ZA,1587415938,71,27.91,-33.02,72.68,13.69
176,Plastun,100,RU,1587415939,89,136.29,44.76,37.78,5.77
177,Maceió,20,BR,1587415935,69,-35.74,-9.67,82.4,10.29
178,Saint-Philippe,66,RE,1587415939,73,55.77,-21.36,73.4,6.93
179,Jombang,68,ID,1587415939,88,112.23,-7.55,76.05,1.81
180,Cabedelo,40,BR,1587415939,83,-34.83,-6.98,80.6,8.05
181,Turochak,0,RU,1587415940,61,87.12,52.26,44.85,1.97
182,Tomarovka,0,RU,1587415940,80,36.23,50.68,35.6,11.18
183,Torbay,20,CA,1587415940,78,-52.73,47.67,42.01,35.57
184,Tuatapere,98,NZ,1587415940,96,167.68,-46.13,42.01,1.01
185,Esim,8,GH,1587415941,79,-2.24,4.87,82.13,9.86
186,Vredendal,44,ZA,1587415941,86,18.5,-31.67,61.77,6.42
187,Amoy,90,CN,1587415941,83,118.08,24.48,69.8,4.47
188,Cherskiy,100,RU,1587415941,95,161.3,68.75,9.84,7.63
189,Belmonte,40,BR,1587415942,78,-38.88,-15.86,77,6.93
190,Megion,100,RU,1587415942,49,76.11,61.03,46.4,11.18
191,Teterow,0,DE,1587415942,69,12.57,53.78,46,11.41
192,Abhā,70,SA,1587415942,62,42.51,18.22,60.8,6.93
193,fevralsk,,,,,,,,
194,Camapuã,22,BR,1587415943,68,-54.04,-19.53,77.95,4.88
195,Micheweni,100,TZ,1587415943,77,39.83,-4.97,82.76,15.19
196,La Romana,0,DO,1587415943,62,-68.97,18.43,84.34,11.16
197,vedaranniyam,,,,,,,,
198,Trincomalee,51,LK,1587415944,81,81.23,8.57,81.61,6.8
199,longlac,,,,,,,,
200,Saint-Leu,39,RE,1587415944,73,55.28,-21.15,73.4,6.93
201,Shagonar,100,RU,1587415944,42,92.8,51.53,45.72,1.16
202,Guozhen,99,CN,1587415945,37,107.36,34.37,51.06,1.5
203,Emerald,0,AU,1587415946,48,148.17,-23.53,62.6,6.93
204,Mae Sai,0,TH,1587415946,94,99.88,20.43,73,2.24
205,Chapais,1,CA,1587415947,35,-74.85,49.78,23,9.17
206,Nishihara,75,JP,1587415947,88,127.76,26.18,68,4.7
207,Caniço,20,PT,1587415947,55,-16.85,32.63,62.6,9.17
208,Maxixe,2,MZ,1587415952,85,35.35,-23.86,73.22,7.25
209,attawapiskat,,,,,,,,
210,Garoua,96,CM,1587415953,41,13.4,9.3,91.4,4.7
211,Planadas,40,CO,1587415953,34,-75.65,3.2,95,8.05
212,mys shmidta,,,,,,,,
213,Krutinka,100,RU,1587415953,82,71.51,56.01,48.42,7.34
214,Sept-Îles,75,CA,1587415954,35,-66.38,50.2,39.2,13.87
215,Barinas,62,VE,1587415955,48,-70.21,8.62,87.94,4.34
216,Naze,90,JP,1587415955,72,129.48,28.37,66.2,9.17
217,Pevek,99,RU,1587415956,93,170.31,69.7,5.18,5.91
218,Upernavik,99,GL,1587415956,90,-56.15,72.79,30.45,7.36
219,Tautira,47,PF,1587415956,62,-149.15,-17.73,87.8,6.93
220,Ondjiva,61,AO,1587415956,38,15.73,-17.07,68.86,6.35
221,bolungarvik,,,,,,,,
222,Alice Springs,85,AU,1587415942,46,133.88,-23.7,71.6,10.29
223,Adwa,2,ET,1587415957,13,38.9,14.16,66.63,7.29
224,Ponta Delgada,20,PT,1587415957,67,-25.67,37.73,59,4.7
225,Chumikan,100,RU,1587415957,94,135.31,54.72,20.79,11.16
226,Loíza,40,PR,1587415957,66,-65.88,18.43,87.8,16.11
227,Yangi Marg`ilon,1,UZ,1587415958,48,71.72,40.43,60.8,6.93
228,yakshur-bodya,,,,,,,,
229,Fukuechō,100,JP,1587415958,52,128.84,32.69,57.58,21.5
230,Darhan,0,MN,1587415960,64,105.92,49.49,26.42,3.85
231,Hong Kong,40,HK,1587415863,83,114.16,22.29,78.01,8.05
232,Hvide Sande,0,DK,1587415962,55,8.13,56,50,10.2
233,Qaanaaq,52,GL,1587415963,85,-69.36,77.48,10.53,6.64
234,Dhaka,75,BD,1587415671,78,90.41,23.71,78.8,5.82
235,Alofi,3,NU,1587415963,74,-169.92,-19.06,80.6,11.41
236,West Bay,20,KY,1587415963,70,-81.42,19.37,87.8,10.29
237,Zhicheng,100,CN,1587415964,84,111.5,30.3,56.28,2.68
238,Rabo de Peixe,20,PT,1587415964,67,-25.58,37.8,59,4.7
239,Te Anau,93,NZ,1587415964,72,167.72,-45.42,48.15,2.55
240,Fuengirola,75,ES,1587415964,76,-4.62,36.54,57.2,20.8
241,Abu Dhabi,97,AE,1587415742,45,54.37,24.47,84.2,5.82
242,Kattivākkam,20,IN,1587415965,79,80.32,13.22,84.99,4.7
243,Hereford,0,GB,1587415965,62,-2.71,52.06,50,5.99
244,Ilula,75,TZ,1587415965,77,36.04,-7.68,66.2,9.17
245,Muros,89,ES,1587415965,93,-9.06,42.78,55,1.99
246,Nelson Bay,92,AU,1587415966,71,152.15,-32.72,57.2,8.05
247,Les Cayes,11,HT,1587415966,68,-73.75,18.2,82.94,9.22
248,Guarapari,75,BR,1587415966,69,-40.5,-20.67,77,11.41
249,ho,,,,,,,,
250,Fort Frances,90,CA,1587415968,32,-93.4,48.6,39.2,21.92
251,tumannyy,,,,,,,,
252,Ulladulla,40,AU,1587415968,81,150.47,-35.35,53.6,5.82
253,Airai,71,TL,1587415969,71,125.41,-8.93,60.89,3
254,Vila do Maio,20,CV,1587415969,69,-23.22,15.13,73.4,18.34
255,Markova,56,UA,1587415969,66,24.41,48.68,35.49,1.12
256,Pathein,1,MM,1587415969,90,94.73,16.78,77.16,7.49
257,Kahului,20,US,1587415904,51,-156.47,20.89,80.6,6.93
258,Pitkyaranta,81,RU,1587415970,89,31.48,61.57,38.46,6.26
259,Wahiawā,75,US,1587415970,65,-158.02,21.5,82.4,6.93
260,Quang Ngai,94,VN,1587415971,87,108.8,15.12,76.23,9.93
261,Savinskiy,72,RU,1587415971,97,40.14,62.93,30,2.89
262,Laguna,75,US,1587415971,55,-121.42,38.42,66.99,6.93
263,Panama City,40,PA,1587415948,49,-79.52,8.99,93.2,11.41
264,Havelock,90,US,1587415974,82,-76.9,34.88,59,18.34
265,Norman Wells,90,CA,1587415977,96,-126.83,65.28,32,6.93
266,Bambous Virieux,40,MU,1587415978,89,57.76,-20.34,73,4
267,sentyabrskiy,,,,,,,,
268,Grindavik,100,IS,1587415978,90,-22.43,63.84,46.87,27.74
269,Nanortalik,76,GL,1587415979,88,-45.24,60.14,31.87,6.91
270,Apam,0,GH,1587415979,79,-0.74,5.28,82.81,12.24
271,Atar,0,MR,1587415979,16,-13.05,20.52,76.66,10.38
272,Hay River,90,CA,1587415979,59,-115.8,60.82,33.8,10.29
273,Seka,5,TH,1587415903,51,103.96,17.93,83.32,2.82
274,Kruibeke,0,BE,1587415981,51,4.31,51.17,59,14.99
275,Margate,2,GB,1587415956,77,1.39,51.38,54,29.06
276,Matucana,57,PE,1587415981,27,-76.4,-11.85,64.44,3.8
277,Zhuanghe,0,CN,1587415982,39,122.99,39.7,39,3
278,Kroya,100,ID,1587415982,83,109.25,-7.63,80.69,1.99
279,Leningradskiy,2,RU,1587415982,90,178.42,69.38,9.36,6.6
280,Jadu,0,LY,1587415982,33,12.03,31.95,68.95,10.47
281,Esperance,9,AU,1587415983,82,121.9,-33.87,55.4,10.29
282,Aswān,6,EG,1587415983,23,32.91,24.09,76.98,8.3
283,Qaqortoq,54,GL,1587415986,40,-46.03,60.72,35.6,4.7
284,Ixtapa,5,MX,1587415935,69,-105.2,20.7,78.8,10.29
285,Hare Bay,40,CA,1587415987,97,-54.01,48.85,41,14.99
286,Kristinestad,31,FI,1587415987,89,21.38,62.27,40.87,6.46
287,Zaoyang,54,CN,1587415987,78,112.75,32.13,48.31,3.09
288,Paramonga,28,PE,1587415987,68,-77.83,-10.67,74.25,11.01
289,Regeneração,38,BR,1587415990,80,-42.69,-6.24,79.25,2.17
290,Kangaatsiaq,43,GL,1587415990,90,-53.46,68.31,31.28,10.2
291,Honningsvåg,20,NO,1587415990,69,25.97,70.98,39.2,24.16
292,Pacific Grove,90,US,1587415942,67,-121.92,36.62,60.8,9.17
293,Esik,20,KZ,1587415992,66,77.45,43.36,51.8,2.24
294,Chabahar,14,IR,1587415992,55,60.64,25.29,83.19,10.94
295,Castrillón,100,ES,1587415992,87,-6.79,43.4,55.4,2.24
296,Isangel,100,VU,1587415992,82,169.27,-19.55,80.37,6.4
297,Pangnirtung,90,CA,1587415993,92,-65.71,66.15,12.2,4.36
298,Stornoway,0,GB,1587415993,62,-6.39,58.21,51.8,13.87
299,meyungs,,,,,,,,
300,Oranjemund,15,NA,1587415993,86,16.43,-28.55,60.06,6.78
301,Paamiut,37,GL,1587415993,89,-49.67,61.99,28.85,6.15
302,Calvinia,0,ZA,1587415994,52,19.78,-31.47,56.16,3.94
303,Provideniya,75,RU,1587415994,78,-173.3,64.38,17.6,8.95
304,Kumul,45,CN,1587415994,22,93.45,42.8,55.54,4.7
305,Beitbridge,0,ZW,1587415994,49,30,-22.22,69.12,7.72
306,Fort Nelson,75,CA,1587415988,41,-122.7,58.81,57.2,2.24
307,Harper,93,LR,1587415995,79,-7.72,4.38,81.72,6.02
308,Tuktoyaktuk,90,CA,1587415995,77,-133.04,69.45,6.8,12.75
309,Ţaga,1,RO,1587415995,48,24.05,46.95,45,3.36
310,Youkounkoun,0,GN,1587415996,16,-13.13,12.53,94.53,3.65
311,Klaksvík,0,FO,1587415996,93,-6.59,62.23,41,3.36
312,Nanma,32,CN,1587415996,35,118.16,36.18,48,7.52
313,Bereket,8,TM,1587415996,26,55.52,39.24,74.39,5.88
314,Cabo San Lucas,5,MX,1587415949,44,-109.91,22.89,81,8.05
315,San Martín,100,AR,1587415997,41,-68.47,-33.08,77,9.17
316,Ketchikan,90,US,1587415985,87,-131.65,55.34,48.2,18.34
317,Hamilton,1,US,1587415723,27,-84.53,39.18,66,11.41
318,Adrar,0,MR,1587415997,14,-10.07,20.5,80.01,9.51
319,Meulaboh,51,ID,1587415998,85,96.13,4.14,79.34,5.21
320,cockburn harbour,,,,,,,,
321,Truckee,100,US,1587415998,54,-120.18,39.33,46.99,4
322,Vágur,0,FO,1587415998,81,-6.81,61.47,46.35,14.25
323,Dingle,97,PH,1587415998,82,122.67,11,79.7,6.62
324,Natal,40,BR,1587415999,78,-35.21,-5.79,82.4,17.22
325,Stevens Point,40,US,1587415715,81,-89.57,44.52,50,9.17
326,Kaoma,75,ZM,1587415999,60,24.8,-14.78,61.38,4.05
327,Vilyuysk,68,RU,1587415999,95,121.62,63.76,17.58,4.07
328,Miran Shah,76,PK,1587416000,49,70.07,33.01,62.24,4.05
329,Hillsboro,1,US,1587415876,51,-122.99,45.52,69.01,3.36
330,Palm Beach,75,US,1587416000,49,-80.04,26.71,90,17.22
331,wulanhaote,,,,,,,,
332,Sabha,0,LY,1587416000,19,14.43,27.04,79.12,10.18
333,Răcăşdia,91,RO,1587416001,54,21.62,44.99,55.4,19.46
334,Burnie,45,AU,1587416001,9,145.92,-41.07,51.01,6.85
335,Arrondissement de Bastia,90,FR,1587416001,100,9.33,42.67,57.2,6.93
336,Lālmohan,94,BD,1587416001,82,90.74,22.34,79.81,3.87
337,Mamlyutka,100,KZ,1587416002,83,68.54,54.94,51.6,7.27
338,Wattegama,40,LK,1587416002,86,81.48,6.8,76.33,2.77
339,Carndonagh,0,IE,1587416003,70,-7.27,55.25,45.79,14.16
340,Baruun-Urt,0,MN,1587416003,69,113.28,46.68,18.93,13.56
341,Poyarkovo,100,RU,1587416003,91,128.68,49.6,35.92,17.58
342,Goya,0,AR,1587416004,45,-59.26,-29.14,80.33,4.32
343,Kuala Terengganu,40,MY,1587416004,88,103.14,5.33,82.4,3.36
344,São Gabriel,0,BR,1587415865,51,-54.32,-30.34,73.02,3.44
345,Dunedin,87,NZ,1587415938,79,170.5,-45.87,55.99,5.23
346,Neiafu,40,TO,1587416007,83,-173.98,-18.65,80.6,10.29
347,Arrecife,40,ES,1587415900,72,-13.55,28.96,68,9.17
348,Rincón de Tamayo,20,MX,1587416007,22,-100.75,20.42,89.01,4.7
349,Nouadhibou,0,MR,1587416007,64,-17.03,20.93,69.8,18.34
350,dekoa,,,,,,,,
351,Hambantota,69,LK,1587416009,80,81.12,6.12,81.82,10.65
352,Longyearbyen,40,SJ,1587416009,57,15.64,78.22,23,33.33
353,Nsanje,59,MW,1587416010,82,35.26,-16.92,70.03,3.24
354,alotau,,,,,,,,
355,Machico,20,PT,1587416010,55,-16.77,32.7,62.6,9.17
356,Saint George,1,US,1587415892,28,-113.58,37.1,75,5.79
357,Skjervøy,75,NO,1587415881,93,20.97,70.03,41,24.16
358,Caravelas,24,BR,1587416012,80,-39.25,-17.71,76.26,13.73
359,Constitución,74,CL,1587416012,46,-72.42,-35.33,66.63,15.82
360,Paringao,96,PH,1587416012,74,120.32,16.57,80.26,5.82
361,Bilkha,0,IN,1587416018,64,70.6,21.43,75.42,4.76
362,Bikin,100,RU,1587416018,90,134.26,46.82,36.59,7.67
363,Chadan,99,RU,1587416018,38,91.58,51.28,45.34,0.25
364,Cockburn Town,0,TC,1587415881,81,-71.14,21.46,79.66,14.99
365,Tayoltita,0,MX,1587416019,9,-105.93,24.08,93.56,9.13
366,Natalicio Talavera,0,PY,1587416019,45,-56.3,-25.63,78.28,2.08
367,Mokobeng,0,BW,1587416019,33,27.67,-23,62.85,7.07
368,North Bend,90,US,1587415823,76,-124.22,43.41,55.99,5.82
369,Vila,100,PT,1587416020,94,-8.16,42.03,48.99,1.07
370,Mahébourg,45,MU,1587416020,89,57.7,-20.41,73,4
371,Siderópolis,0,BR,1587416020,72,-49.42,-28.6,66.87,0.89
372,La Ronge,40,CA,1587416020,42,-105.28,55.1,28.4,8.05
373,Guerrero Negro,78,MX,1587416021,53,-114.06,27.98,67.75,18.43
374,Arrondissement de Limoux,90,FR,1587416021,93,2.17,42.92,59,8.05
375,Pilar,20,BR,1587416021,69,-35.96,-9.6,82.4,10.29
376,Ust-Tsilma,26,RU,1587416021,97,52.15,65.44,29.8,5.77
377,Champerico,40,GT,1587416022,46,-91.92,14.3,91.4,11.41
378,Malanje,100,AO,1587416022,68,16.34,-9.54,65.93,1.7
379,Saint-Joseph,74,RE,1587416022,73,55.62,-21.37,73.4,6.93
380,Chifeng,0,CN,1587416022,58,118.96,42.27,27.48,28.59
381,Plouzané,90,FR,1587416023,100,-4.62,48.38,51.8,8.05
382,Petrovac,98,RS,1587416023,60,21.42,44.38,54,1.99
383,Okahandja,46,NA,1587416023,68,16.92,-21.98,68,6.93
384,Talnakh,90,RU,1587416023,92,88.4,69.49,32,20.13
385,Ostrovnoy,100,RU,1587416024,93,39.51,68.05,32.58,18.81
386,Diez,0,DE,1587416024,43,8.02,50.37,57,11.01
387,Faya,62,SA,1587416024,62,42.45,18.39,60.8,6.93
388,grand centre,,,,,,,,
389,Neya,29,RU,1587416025,84,43.87,58.3,34.88,4.65
390,Luwuk,88,ID,1587416025,72,122.79,-0.95,81.12,3.09
391,Swellendam,98,ZA,1587416025,63,20.44,-34.02,62.6,6.93
392,Tiksi,95,RU,1587416025,94,128.87,71.69,19.53,3.87
393,High River,20,CA,1587416026,25,-113.87,50.58,64,13.87
394,Masunga,0,BW,1587416026,29,27.45,-20.62,58.15,6.87
395,Moratuwa,70,LK,1587416002,84,79.88,6.77,80.44,1.25
396,Port Moresby,20,PG,1587415801,100,147.18,-9.44,75.2,3.36
397,Ugoofaaru,100,MV,1587416026,70,73,5.67,85.62,7.2
398,Moose Factory,90,CA,1587416027,96,-80.61,51.26,32,18.34
399,Ubrique,20,ES,1587416027,100,-5.45,36.68,55.4,5.82
400,Aquiraz,20,BR,1587416027,70,-38.39,-3.9,84.2,5.82
401,Steamboat Springs,75,US,1587416027,34,-106.83,40.48,51.01,5.82
402,Cartagena del Chairá,5,CO,1587415788,47,-74.84,1.33,88.72,4.56
403,Inverbervie,75,GB,1587416028,87,-2.28,56.84,44.6,2.24
404,Bud,40,US,1587416028,46,-86.18,39.45,64.99,13.87
405,Sucúa,40,EC,1587416028,47,-78.17,-2.47,80.6,5.82
406,Mehamn,75,NO,1587416028,60,27.85,71.04,39.2,28.86
407,Mayo,1,US,1587416029,51,-76.51,38.89,62.01,3.36
408,jiddah,,,,,,,,
409,Beijing,0,CN,1587415795,18,116.4,39.91,42.8,8.95
410,Geraldton,1,AU,1587416014,87,114.6,-28.77,53.6,9.17
411,Port Keats,30,AU,1587416029,79,129.55,-14.25,80.85,2.95
412,San Cristobal,20,VE,1587415826,46,-72.22,7.77,93.2,11.41
413,Husavik,31,IS,1587416032,77,-17.34,66.04,43.39,12.21
414,Matara,87,LK,1587416033,89,80.54,5.95,77.9,7.49
415,Moshenskoye,18,RU,1587416033,89,34.59,58.51,32.52,5.17
416,bargal,,,,,,,,
417,Emba,43,KZ,1587416033,72,58.14,48.83,53.53,13.89
418,Lucea,75,JM,1587416033,74,-78.17,18.45,87.01,14.99
419,Pandan,99,PH,1587416034,84,124.17,14.05,81.34,12.06
420,Zhigansk,43,RU,1587416034,95,123.37,66.77,16.52,7.27
421,Olinda,75,BR,1587416034,88,-34.86,-8.01,78.8,9.17
422,Taggia,75,IT,1587416034,87,7.85,43.85,57.99,19.46
423,Shimoda,79,JP,1587416008,95,138.95,34.67,53.01,20.87
424,Bambari,81,CF,1587416035,78,20.68,5.77,73.87,2.15
425,Harrismith,10,ZA,1587416035,33,29.13,-28.27,54.3,1.1
426,Saint Lawrence,72,MT,1587416035,100,14.2,36.06,62.01,9.17
427,Trairi,82,BR,1587416035,83,-39.27,-3.28,80.53,8.28
428,Caucaia,20,BR,1587416036,70,-38.65,-3.74,84.2,5.82
429,Inuvik,90,CA,1587416036,72,-133.72,68.35,12.2,5.82
430,andselv,,,,,,,,
431,Mahajanga,20,MG,1587416037,73,46.32,-15.72,77,6.93
432,Rocha,0,UY,1587416037,76,-54.33,-34.48,66.13,2.21
433,malwan,,,,,,,,
434,Praia da Vitória,20,PT,1587416037,63,-27.07,38.73,60.8,11.25
435,Wald-Michelbach,7,DE,1587416038,37,8.83,49.57,59,15.82
436,Vardø,40,NO,1587416038,69,31.11,70.37,35.6,13.87
437,Chakradharpur,96,IN,1587416038,32,85.63,22.7,80.35,0.22
438,Inverell,34,AU,1587416038,84,151.12,-29.78,54,3.6
439,Samarai,100,PG,1587416038,80,150.67,-10.62,80.64,7.56
440,Jinchang,100,CN,1587416039,25,102.17,38.5,41.58,3.71
441,Suffolk,1,US,1587415969,46,-72.8,40.87,55,8.05
442,Verkhovyna,62,UA,1587416041,66,24.79,48.16,33.46,1.1
443,Paita,46,PE,1587416041,58,-81.11,-5.09,79.63,17.02
444,Kamaishi,69,JP,1587416042,80,141.88,39.27,49.71,10.4
445,Constantine,75,DZ,1587416042,76,6.61,36.37,57.2,9.17
446,Goderich,63,CA,1587415887,46,-81.72,43.75,51.01,21.54
447,Breţcu,78,RO,1587416043,52,26.3,46.05,44.01,7
448,Jertih,20,MY,1587416044,88,102.49,5.73,80.6,3.38
449,Mildura,0,AU,1587416044,66,142.15,-34.2,53.6,1.41
450,Bitung,40,ID,1587416044,94,125.18,1.45,77,1.99
451,Shwebo,0,MM,1587416044,27,95.7,22.57,85.46,5.06
452,samusu,,,,,,,,
453,Moroto,99,UG,1587416046,58,34.67,2.53,67.41,3.62
454,Saint-Augustin,69,CA,1587416033,97,-58.65,51.23,32.07,7.67
455,Maun,6,BW,1587416046,67,23.42,-19.98,62.6,1.12
456,Khowst,52,AF,1587416046,45,69.88,33.38,56.57,3.89
457,Krasnosel'kup,100,RU,1587416016,96,82.47,65.7,33.58,10.18
458,Baharly,0,TM,1587416047,28,57.43,38.44,73.49,7.9
459,Whyalla,0,AU,1587416048,93,137.58,-33.03,48.2,5.82
460,Tubualá,40,PA,1587416048,52,-79.03,9.52,91.4,10.29
461,Severo-Kuril'sk,63,RU,1587416048,93,156.12,50.68,32.27,5.64
462,Dimitrovgrad,90,RU,1587416049,43,49.62,54.21,50,8.95
463,Āmli,0,IN,1587416049,53,73.02,20.28,79.18,0.85
464,Ocampo,0,MX,1587416049,8,-101.5,21.65,82.62,10.58
465,Lagoa,95,PT,1587416049,67,-27.98,39.05,59.5,14.18
466,Ust-Nera,81,RU,1587416050,81,143.2,64.57,7.48,0.83
467,Kushiro,100,JP,1587416050,97,144.37,42.98,46.09,10.83
468,Denpasar,40,ID,1587416050,100,115.22,-8.65,78.8,2.24
469,Makakilo City,75,US,1587416036,65,-158.09,21.35,82.4,6.93
470,Yarim,96,YE,1587416050,44,44.38,14.3,54.68,1.21
471,Taoudenni,0,ML,1587416052,14,-3.98,22.68,84.31,8.34
472,Richards Bay,0,ZA,1587416021,88,32.04,-28.78,71.22,11.61
473,Grand Gaube,20,MU,1587416053,89,57.66,-20.01,73,3
474,Saint Anthony,20,US,1587416013,35,-93.22,45.02,60.8,19.46
475,Kurchum,0,KZ,1587416053,43,83.65,48.57,48.45,4.38
476,Labuhan,55,ID,1587416053,85,112.21,-6.88,79.03,5.12
477,Vaideeni,100,RO,1587416053,70,23.93,45.17,46.4,3.36
478,Tūkrah,2,LY,1587416054,19,20.58,32.53,79.81,28.07
479,sidi bu zayd,,,,,,,,
480,Nokaneng,64,BW,1587416055,29,22.27,-19.67,68.07,5.5
481,Urusha,100,RU,1587416055,76,122.9,54.05,19.42,14.07
482,Beyneu,15,KZ,1587416056,45,55.2,45.32,67.5,11.68
483,ambodifototra,,,,,,,,
484,General Roca,45,AR,1587416031,30,-67.58,-39.03,69.8,10.29
485,Waddān,0,LY,1587416056,15,16.14,29.16,79.79,10.94
486,Navalgund,87,IN,1587416056,58,75.37,15.57,80.38,9.28
487,Verkhoyansk,100,RU,1587416057,90,133.38,67.54,15.33,3.18
488,Jalu,0,LY,1587416057,16,21.55,29.03,80.46,16.35
489,halalo,,,,,,,,
490,lolua,,,,,,,,
491,Mount Gambier,75,AU,1587415960,93,140.77,-37.83,48.2,10.29
492,Yen Bai,92,VN,1587416058,84,104.87,21.7,78.04,1.41
493,Pokhara,100,NP,1587415916,35,83.98,28.23,64.08,1.25
494,Tefé,78,BR,1587416058,73,-64.71,-3.35,85.62,1.54
495,Raja,79,SS,1587416058,38,25.68,8.46,79,2.91
496,Gumlā,97,IN,1587416059,21,84.55,23.05,78.87,1.03
497,Bilibino,90,RU,1587416039,87,166.44,68.05,3.42,3.22
498,Farafangana,19,MG,1587416059,82,47.83,-22.82,74.07,7.83
499,San Patricio,20,MX,1587416059,74,-104.7,19.22,86,17.22
500,Shamary,67,RU,1587416059,87,58.22,57.34,34.18,0.47
501,Yantongshan,47,CN,1587416060,83,126.01,43.29,28.33,13.85
502,Āwash,100,ET,1587416060,57,40.17,8.98,74.73,1.9
503,dujuma,,,,,,,,
504,Baykit,100,RU,1587416060,93,96.37,61.67,29.25,3.18
505,Mānsa,87,IN,1587416061,46,75.38,29.98,73.33,4.38
506,The Valley,20,AI,1587416061,54,-63.06,18.22,86,14.99
507,itahari,,,,,,,,
508,Obo,100,CF,1587416061,77,26.49,5.4,69.42,3.38
509,tungkang,,,,,,,,
510,mocambique,,,,,,,,
511,Jiuquan,99,CN,1587416063,26,98.52,39.74,42.31,2.24
512,San Alejo,20,SV,1587416063,52,-87.96,13.43,93.2,6.93
513,Piopio,100,NZ,1587416064,97,175.02,-38.47,55,1.01
514,Ilhabela,10,BR,1587415823,71,-45.36,-23.78,72.79,5.44
515,Auki,59,SB,1587416064,77,160.7,-8.77,82.18,7.45
516,Olafsvik,100,IS,1587416066,89,-23.71,64.89,45.48,17.67
517,Capinópolis,14,BR,1587416066,72,-49.57,-18.68,73.45,2.77
518,Sirte,0,LY,1587416066,53,16.59,31.21,69.69,3.31
519,Mongu,58,ZM,1587416066,44,23.13,-15.25,65.55,4.5
520,Quryq,41,KZ,1587416067,69,51.65,43.2,57.13,12.41
521,Nuuk,40,GL,1587416067,41,-51.72,64.18,39.2,6.93
522,Valdivia,75,CL,1587416044,55,-73.25,-39.81,62.6,8.05
523,Ergani,75,TR,1587416067,59,39.76,38.27,62.6,8.05
524,Clarksville,1,US,1587415925,35,-87.36,36.53,71.01,8.05
525,Pochutla,75,MX,1587416068,58,-96.47,15.74,89.01,17.22
526,Philadelphia,90,US,1587415844,33,-75.16,39.95,59,4.97
527,Show Low,1,US,1587416068,18,-110.03,34.25,68,11.41
528,Gandajika,100,CD,1587416069,77,23.95,-6.75,69.26,1.01
529,Gambēla,88,ET,1587416069,35,34.58,8.25,83.77,2.75
530,Mairana,7,BO,1587416069,38,-63.93,-18.12,69.12,4.54
531,São Sebastião,13,BR,1587415861,72,-45.41,-23.76,72.43,5.59
532,Baní,3,DO,1587415792,89,-70.33,18.28,86,7.4
533,Dvinskoy,0,RU,1587416070,97,45.12,62.15,30.22,3.22
534,Letka,71,RU,1587416070,85,49.42,59.6,33.87,2.3
535,Rāvar,100,IR,1587416070,35,56.81,31.27,69.24,2.8
536,Ceres,1,US,1587416070,42,-120.96,37.59,70,3.36
537,Panabá,10,MX,1587416070,33,-88.27,21.28,98.47,7.74
538,Broome,72,US,1587416071,37,-75.83,42.25,53.01,1.99
539,Kaeo,100,NZ,1587416072,95,173.78,-35.1,60.01,1.99
540,Yar-Sale,99,RU,1587416074,96,70.83,66.83,32.7,10.58
541,Cairns,73,AU,1587415813,94,145.77,-16.92,75.2,8.05
542,Santa Isabel Rio Negro,58,BR,1587416075,78,-65.02,-0.41,84.16,2.98
543,Buin,86,CL,1587415974,25,-70.75,-33.73,84.2,6.93
544,São Félix do Xingu,99,BR,1587416075,89,-51.99,-6.64,77.18,1.16
545,Luanda,40,AO,1587415941,88,13.23,-8.84,80.6,5.82
546,Puerto Baquerizo Moreno,90,EC,1587416076,81,-89.6,-0.9,77.85,12.28
547,Kondagaon,25,IN,1587416076,44,81.67,19.6,77.94,4.9
548,Bail-Hongal,92,IN,1587416077,58,74.87,15.82,79.74,6.38
549,Mareeba,67,AU,1587416078,94,145.43,-17,75.2,8.05
550,San Vicente,0,AR,1587416078,45,-54.13,-26.62,70.75,1.61
551,Kez,99,RU,1587416078,83,53.72,57.9,33.76,1.9
552,Khorramshahr,83,IR,1587416078,65,48.17,30.44,77,6.93
553,Ondangwa,55,NA,1587416080,57,15.95,-17.92,75.2,3.36
554,Yeniseysk,12,RU,1587416080,84,92.17,58.45,32.85,5.82
555,Karratha,97,AU,1587416080,73,116.85,-20.74,80.56,8.66
556,Tomatlán,1,MX,1587416080,43,-105.25,19.93,86.88,11.86
557,Jijiga,94,ET,1587416082,54,42.8,9.35,64.92,8.16
558,vaitupu,,,,,,,,
559,Kargil,100,IN,1587416083,22,76.1,34.57,30.11,5.3
560,Blackwater,0,AU,1587416083,40,148.88,-23.58,65.55,6.46
561,Anderson,20,US,1587416061,52,-82.65,34.53,72,3.36
562,Kysyl-Syr,46,RU,1587416084,95,122.76,63.9,16.12,3.18
563,Virginia Beach,90,US,1587415930,87,-75.98,36.85,55.99,9.17
564,ilinsko-podomskoye,,,,,,,,
565,Hofn,75,IS,1587416085,84,-15.21,64.25,45.3,3.6
566,bolshaya atnya,,,,,,,,
567,Coari,82,BR,1587416086,71,-63.14,-4.08,85.86,0.16
568,Mbigou,99,GA,1587416088,79,11.91,-1.9,69.03,5.37
569,Sohag,35,EG,1587416090,29,31.69,26.56,78.8,8.05
570,Batticaloa,34,LK,1587416090,79,81.69,7.71,81.34,3.53
571,Siocon,6,PH,1587416090,77,122.14,7.71,81.84,5.75
572,San Jerónimo,59,PE,1587416091,21,-75.28,-11.95,57.81,6.98
573,Berlevåg,75,NO,1587416091,60,29.09,70.86,39.2,28.86
574,Mahibadhoo,83,MV,1587415859,74,72.97,3.78,85.08,7.58
575,Sisimiut,57,GL,1587416091,90,-53.67,66.94,29.98,1.59
576,Marabu,75,MY,1587416067,100,114.01,4.41,77,3.36
577,The Pas,1,CA,1587416092,45,-101.25,53.83,26.6,12.75
578,Buala,82,SB,1587416092,76,159.59,-8.14,82.72,5.19
579,Byron Bay,100,AU,1587416079,100,153.62,-28.65,57.99,5.08
580,Rundu,98,NA,1587416093,52,19.77,-17.93,69.8,3.36
581,Dawson Creek,1,CA,1587415923,40,-120.24,55.77,64.4,19.46
582,Whitehorse,90,CA,1587416093,46,-135.05,60.72,50,10.29
583,Tazmalt,40,DZ,1587416093,59,4.4,36.39,64.4,11.41
584,Yerofey Pavlovich,100,RU,1587416094,74,121.97,53.97,19.38,14.83
585,Evensk,93,RU,1587416094,88,159.23,61.95,16.41,6.04
586,Noumea,75,NC,1587416094,94,166.46,-22.28,75.99,8.01
587,Rodolfo Sánchez Taboada,0,MX,1587416094,75,-116.57,31.72,66.99,5.99
588,Tiassalé,25,CI,1587416095,85,-4.83,5.9,78.8,4.07
589,Port-Gentil,40,GA,1587416095,94,8.78,-0.72,77,3.36
590,satitoa,,,,,,,,
591,Tabas,99,IR,1587416095,32,56.92,33.6,73.33,2.44
592,Richmond,90,US,1587415909,71,-77.46,37.55,60.01,10.29
593,Nyimba,87,ZM,1587416096,53,30.81,-14.56,66.94,3.53
594,Taltal,1,CL,1587416096,59,-70.48,-25.4,70.54,3.78
595,Sibu,75,MY,1587416096,94,111.82,2.3,75.2,4.7
596,Szentkirályszabadja,0,HU,1587416097,52,17.97,47.06,44.6,4.7
597,Corvallis,1,US,1587415877,55,-123.26,44.56,68,4.14
598,Sitka,90,US,1587416098,87,-135.33,57.05,44.6,16.11
599,Rawlins,1,US,1587416098,22,-107.24,41.79,55.4,14.99
600,Dhidhdhoo,96,MV,1587416043,70,73.1,6.88,85.5,5.93
601,Sorong,100,ID,1587416098,92,131.25,-0.88,76.3,8.37
602,Deputatsky,100,RU,1587416099,91,139.9,69.3,12.88,5.01
603,Egvekinot,25,RU,1587416099,89,-179.17,66.32,8.71,7.43
604,Lauf,90,DE,1587416099,33,8.13,48.65,62.6,19.46
605,juifang,,,,,,,,
606,Balfour,0,ZA,1587416045,39,28.59,-26.66,55,3.22
607,Torrington,100,US,1587416101,41,-73.12,41.8,55,5.01
